year,Andhra Pradesh,Arunachal Pradesh,Assam,Bihar,Goa,Gujarat,Haryana,Himachal Pradesh,Jammu And Kashmir,Jharkhand,Karnataka,Kerala,Madhya Pradesh,Chhattisgarh,Maharashtra,MANIPUR,Meghalaya,MIZORAM,Nagaland,ORISSA,Punjab,Rajasthan,SIKKIM,Tamil Nadu,Tripura,Uttar Pradesh,Uttarakhand,West Bengal,Andaman And Nicobar Islands,Chandigarh,Delhi,PUDUCHERRY,Telangana
1980   ,7323.95,97.7,2298.27,6349.22,315.46,6547.42,3031.95,722.82,1050,5587.36,3822.73,7012.44,15162.58,199.56,179.62,105.47,3442.69,4449.25,4125.71,48.98,7218.16,264.45,14011.82,9594,49.31,2454.68,167.09,,,,,,
1981   ,8509.6,112.53,2558.23,6704.49,292.12,7197.72,3145.18,767.88,1074.43,5957.38,3774.81,7190.58,15518.94,211.03,187.28,125.41,3437.23,4871.88,4478.11,52.19,8010.77,260.52,14347.69,9335.06,51.56,2654.63,169.35,,,,,,
1982   ,8660.43,116.33,2676.31,6766.48,336.38,7090.2,3341.2,741.03,1108.53,6101.71,3868.51,7510.99,16115.65,214,190.14,142.6,3232,5015.22,4569.76,58.82,7578.39,287.45,15468.75,9703.64,50.14,2990.01,182.88,,,,,,
1983   ,9022.3,124.55,2793.32,7421.51,339.77,8450.68,3412.45,777.02,1144.7,6535.82,3711.68,7898.89,17127.6,232.97,194.57,146.31,3884.82,5105.46,5611.3,61.42,7988.39,278.53,16075.51,10856.51,57.96,2918.78,184.74,,,,,,
1984   ,8749.01,136.54,2807.43,8117.2,352.94,8446.29,3544.96,733.36,1202.25,7023.15,3941.58,7516.16,17348.1,242.57,204.59,150.89,3700.32,5502.15,5207.66,69.46,9032.76,286.78,16331.19,11145.03,55.8,3040.41,195.02,,,,,,
1985   ,9302.96,154.04,2991.79,8292.92,337.63,8214.34,4181.08,831.33,1229.84,6733.3,4086.36,8171.9,18714.25,256.17,214.32,154.22,4126.8,5923.72,5187.3,75.59,9390.95,290.23,16970.52,11611.09,63.04,3520.45,204.32,,,,,,
1986   ,9049.74,164.66,2907.4,8950.25,354.3,8720.32,4183.92,891.88,1245.82,7365.13,3992.97,7808.6,18968.55,261.25,217.67,171.26,4184.2,6131.43,5684.7,89.17,9309.94,306.84,17705.71,12072.46,66.01,3748.29,216.73,,,,,,
1987   ,10274.03,175.3,3036.65,8454.76,393.13,7748.82,4110.06,893.82,1110,7882.92,4165.63,8875.69,20247.98,281.66,237.25,191.75,4053.74,6449.86,5290.56,107.55,9893.12,346.92,18506.01,12719.98,70.24,4078.9,218.55,,,,,,
1988   ,12028.83,189.66,3059.92,9523.38,477.49,10873.39,5110.54,1005.18,1257.48,8563.21,4584.1,9527.21,22362.1,295.26,239.56,206.82,4906.89,6792.28,7477.12,114.9,10732.84,389.68,20918.61,13264.05,76.55,4428.64,229.08,,,,,,
1989   ,12985.77,195.18,3285.7,9364.95,498.37,10681.11,5178.26,1123.28,1285.35,9045.72,4892.36,9725.23,26050.75,299.34,274.55,214.8,5234.28,7364.54,7324,122.89,11467.89,415.53,21500.94,13734.89,76.87,4838.29,239.69,,,,,,
1990   ,13580.12,231.11,3425.55,10253.27,568.25,10839.15,5719.21,1150.8,1359.89,9112.1,5262.34,11107.21,27223.82,316.22,303.99,238.1,4344.7,7504.93,8472.6,135.32,12422.99,447,22779.65,14457.81,73.93,5046.41,253.85,,,,,,
1991   ,14341.66,264.24,3576.61,9673.08,566.23,9944.03,5837.49,1157.18,1390.48,10269.85,5364.66,10305.93,27139.38,342.85,318.89,247.79,4897.01,7844.87,7823.37,144.29,12755.4,459,22872.87,15590.22,68.36,5813.66,237.97,,,,,,
1992   ,13954.55,271.07,3613.09,9100.02,649.27,13143.71,5835.25,1210.12,1452.27,10507.58,5751.61,11061.75,31243.36,359.39,300.07,283.25,4813.71,8215.16,8996.49,,13413.46,476.21,23119.16,16053.52,88.79,6016.94,208.31,,,,,,
1993   ,51655.11,812.13,13476.83,20780.07,2001.86,42560.47,19421.55,4250.03,5500.2,13403.1,36982.29,23851.07,33937.27,12163.08,101767.46,1141.44,1309.08,1250.8,16184.88,27067.56,28976.9,363.81,51643.29,1619.27,70934.7,5109.33,48397.63,468.16,1371.39,18967.35,829.23,,
1993   ,15543.12,310.15,3753.92,9319.81,676.37,12740.99,6097.91,1256.94,1522,11291.09,6346.65,12240.17,34687.63,366.92,321.12,287.57,5123.93,8574.42,8262.57,,14582.89,529.17,23692.26,17220.58,98.72,6432.8,235.43,,,,,,
1994   ,54563.83,795.78,13796.47,23163.37,2079.72,51103.62,20835.2,4663.85,5744.99,13964,38917.05,25907.92,34529.01,12181.26,103743.16,1110.3,1352.88,1347.9,16973.6,27745.65,34268.92,367.5,57943.17,1600.65,74634.95,5563.92,51761.26,516.79,1505.1,21250.14,834.52,,
1995   ,57950.84,914.6,14125.1,19581.99,2225.03,52629.43,21253.91,4920.52,6031.48,14309.18,40973.9,26947.47,36600.91,12495.52,115187.57,1147.37,1508.12,1444.69,17749.31,28770.62,35530.35,402.3,59861.21,1732.69,77046.31,5509.34,55630.83,507.45,1664.53,21620.54,870.21,,
1996   ,61955.03,859.82,14466.77,24568.85,2602.31,60652.57,23758.72,5198.86,6320.65,13459.73,44736.55,28026.45,39057.27,13041.41,119732.4,1257.88,1561.48,1547.04,16524.39,30889.5,39681.79,428.97,62315.7,1923.42,85597.09,5856.43,59495.99,544.63,1896.4,24596.22,1211.64,,
1997   ,60321.2,884.1,14703.57,23403.73,2627.87,60647.1,23965.19,5571.01,6652.24,17615.51,47516.82,28633.15,41101.47,13551.07,126338.92,1373.64,1662.15,1684.06,18901.56,31726.21,44508.51,460.72,67822.27,2131.55,84686.48,5926.91,64483.61,581.47,2012.14,28582.47,1589.83,,
1998   ,68036.4,910.37,14574.44,24878.99,3284.58,64920.62,25243.25,5966.28,7005.33,19167.05,53960.93,30604.3,43814.87,13882.45,131368.46,1396.36,1841.86,1604.8,19481.79,33552.1,46457.16,493.74,70505.17,2332.74,85310.2,5998.79,68598.38,534.5,2188.23,30016.27,1794.51,,
1999   ,116360,1497,32011,46071,5570,92541,47329,12467,13533,30229,90532,61359,72655,23840,217198,2954,3211,1410,2610,38399,61139,74174,765,119704,4496,156809,11187,125299,838,3792,51175,2893,
1999   ,70904.08,947.72,15078.24,26136.63,3333.73,65163,27063.58,6621.85,7270.15,18228.37,56543.27,32785.01,48415.34,13719.43,143862.78,1581.17,1998.93,1614.02,20716.66,35326.8,46573.78,507.52,74685.04,2532.07,91201,6000.72,73527.81,582.44,2336.99,31451.01,1837.44,,
2000   ,126035,1607,32821,53656,5287,86431,51090,13262,13917,26663,91136,62909,66750,22372,210526,2765,3422,1463,3052,37386,63172,71764,814,126349,4778,160015,12582,129691,838,4274,53177,3305,
2001   ,131750,1864,33668,50579,5492,93455,55036,13938,14185,28500,92788,66052,71525,25503,217963,2937,3651,1555,3402,39662,63995,79936,881,123901,5433,162926,13179,139057,857,4649,55222,3529,
2002   ,134749,1775,35708,56975,5826,101603,58410,14617,14907,29298,97765,70885,67795,25072,232994,2921,3759,1705,3741,39377,65085,70333,947,124521,5796,168198,14413,143931,948,5235,59454,3879,
2003   ,147950,1968,37905,53301,6225,118525,64156,15596,15673,31515,99669,75479,75400,29782,250989,3240,3993,1760,3912,45127,69149,92712,1022,132281,6136,177054,15553,152388,1048,5804,62694,4053,
2004   ,121387.7889,3187.93,47180.74,70166.88332,10998.68747,172265,86222.28,21189.40755,23292.21218,53055.7,148728.9779,104776.05,99940.01,41386.76094,370022.8024,4603.3,5845.695856,2399.6,5421.46,67987.02,86108.13,112635.72,1510.657186,193645.03,8169.69,231029.04,22287.73,190028.88,1632.763351,7610.15,94716.86312,5033.06,79915.68
2004   ,158714,2222,39207,60045,6891,125599,69688,17076,16519,36886,109775,82590,77874,31377,272860,3540,4270,1839,4100,51020,72587,90445,1102,147994,6639,185920,17599,162491,1088,6397,69479,3500,
2005   ,128149.7476,3280.64,48601.62,68419.12663,11916.43714,197270,94011.46,23008.95723,24371.08479,50678.19,164030.6477,115499.86,104975.47,42063.40853,423632.1941,4907.05,6302.753568,2577.28,5986.09,71004.96987,90329.81,120202.28,1662.138816,221587.91,8708.18,244513.74,25447.71,201994.25,1719.941924,8442.08,104473.4122,6375.08,92751.45
2006   ,141609.6908,3457.98,50796.54,80259.89705,13085.15027,213954,104700.49,24819.31781,25794.31849,51527.44,181085.9612,124624.66,114544.84,50064.77277,481983.2362,4992.19,6777.697099,2692.72,6453.67,79844.84274,100071.79,134349.91,1760.033138,256285.76,9458.04,263935.4,28514.14,217848.88,2029.184654,9689.76,117444.1414,6614.39,102977.08
2007   ,159269.5883,3872.98,52967.99,84415.05366,13654.94012,239253,112895.92,26362.12433,27387.31363,63004.96,203809.9006,135747.46,119957.88,54112.14961,538080.9585,5266.66,6990.921297,2988.45,6978.36,86691.91296,108738.18,140471.48,1862.101042,272339.84,10082.2,280850.51,33498.46,234797.72,2237.803543,10404.64,130683.0366,7137.32,113456.24
2008   ,163340.6536,4191.44,56122.96,97284.12614,14727.64546,249480,121588.39,27649.30684,29102.35582,60471.52,218309.2415,144093.92,135124.21,57661.74,546532.902,5652.17,7889.343831,3437.03,7421.69,93206.65324,114766.27,152283.5438,2105.93886,286743.58,11146.29,302191.93,37064.22,244261.92,2578.739404,11187.37,146961.2311,7792.11,128917.56
2009   ,174400.815,4539.27,61293.9,101937.5829,16118.66921,284732,136779.99,29148.50367,30511.88,66465.19,218363.4944,157122.6999,147932.99,59263.28127,599338.3716,6039.49,8396.403513,3831.98,7841.96,93957.23,122097.25,161159.48,3658.59936,316759.86,12287.29,320988.84,43407.02,263229.87,2910.878692,11767.43,159043.5354,9196.69,129267.3
2010   ,186040.7164,4735.38,64309.98,117503.1399,19292.51466,315891.9517,146053.47,31589.58044,32255.89101,76134.44,240816.77,167178.4445,155701.29,64976.97,667625.3637,5861.66,9226.120365,4538.87,8587.19,99879.71508,129983.3291,185365.6498,4027.690296,359960.5,13214.89,346620.85,47966.72,279190.95,3164.423721,11764.69,172235.2412,9811.85,152122.8
2011   ,339995.5242,10229.46,129354.12,228497.4445,38008.54649,532809.4587,271152.4807,60536.24981,65319.12793,137383.47,554952.2023,328021.1229,282371.04,142273.4161,1126594.698,11501.0658,18028.02838,6404.14,10554.27187,204225.9496,239226.9521,395330.9317,9742.176837,674478.3504,17419.05,645131.5532,101959.6257,473204.6511,3403.621748,16929.97824,314650.0213,15159.56,325139.34
2011   ,191554.44,4983.49,66941.88,129521.4175,23278.51781,336886.1727,158522.9884,33954.73895,33990,80157.08,248040.2835,176914.6087,169600.38,69265.36,695904,6412.25,10303.42293,4405.29,9291.19,103627.6318,136987.38,202749.0464,4547.505996,386508.13,14421.15,365374.53,52748.3,289431.6596,3431.452229,11958.51,180722,10174.09,160601.55
2012   ,341335.2232,10398.77,132517.6,236932.5512,32452.85048,596658.8337,289756.2205,64518.52068,67315.56271,149526.29,593192.0329,348615.8055,306853.34,148760.304,1189710.84,11515.0726,18322.88537,6836.44,11163.01629,216301.0722,251812.5938,409802.4908,9970.327238,709343.1348,18857.21,673552.1893,109528.4945,492901.1664,3557.523694,18305.19436,334193.2963,15507.37,334204.72
2013   ,360239.2258,11226.44,138724.76,246914.742,27971.10229,641488.8106,314931.1968,69398.15515,70535.8264,150609.33,646786.9485,364706.7731,322597.6,163494.3264,1267551.27,12519.4623,18396.55072,7831.452497,11923.17526,233121.874,267515.21,434292.2193,10589.85602,750416.1623,20623.06,707469.1041,117777.5084,503951.5671,3811.152063,19813.4545,356527.5126,17238.51,349592.66
2014   ,397063.8325,13081.6,146425.387,255738.8122,36041.68146,705628.836,333359.2475,74552.9825,67153.76287,170568,671283.498,382134.2555,339246.9,165354.2083,1345341.463,13615.17,17892.85396,9960.02,12406.40914,235930.7377,278484.6,465407.7311,11436.70163,791915.0973,24406.6,729686.3008,125701.6631,515701.6029,4151.069428,20353.08549,387638.7395,16054.68247,372896.74
2015   ,446996.86,12889.06,167628.666,269199.6011,41929.4433,774775.2151,372700.245,80562.91566,80602.31028,158231.12,749951.6131,411150.1494,370715.67,168878.88,1452513.395,14635.16,18330.23697,10947.90345,12599.69864,253191.6726,294894.8566,501921.5114,12484.21357,862436.9805,23745.31,792048.7594,136143.5115,546988.0509,4483.208993,22058.15927,431729.586,17024.66497,416892.3724
2016   ,477565.5526,13396.43,179631.8965,289264.8743,46370.67971,843930.3359,412054.6147,88112.12233,82635.73144,176363.12,851393.9915,443615.3007,419465.25,187540.52,1596120.748,15200.95,19294.85847,12029.37282,13487.89379,293348.2482,315782.9924,529650.3845,13415.84493,922084.3072,27203.6,888453.008,150302.9427,584910.8273,5090.617065,23842.40014,461592.3775,18283.79116,455731.09
2017   ,526625.9555,13922.63,195262.2821,312605.1365,47076.84672,946511.1944,434407.1727,93524.97568,87590.6829,191573.07,915641.8926,473181.7898,441956.43,194073.22,1661065.007,16870.36,19963.68498,13779.41303,14177.79499,316191.8905,335056.7857,557618.207,15204.35862,1000308.163,29505.18,922457.5125,162204.7861,623786.822,5749.685598,25289.46,487631.1457,20024.15779,498145.46
2018   ,558861.6852,14897.1,204627.0585,345545.4511,47424.52703,1034399.01,470327.6432,99217.82697,93071.8218,208701.46,974815.3001,510786.9336,482361.02,209210.74,1728577.953,16192.96,20967.94975,14115.98495,15054.70294,338339.411,353942.4692,568101.883,15889.06405,1071601.897,32703.15,949184.454,166518.8079,659287.8942,6107.629334,26654.15,506332.4745,23467.7812,544440.5948
2019   ,595658.1603,17090.94,212315.35,359195.5552,48508.84285,1110178.597,507776.0041,102613.0225,90791.49123,209912.67,1030356.541,521454.6477,508145.77,220623.97,1782902.888,17755.88,21997.30004,13050.12959,15853.24596,346106.3806,367558.1278,598549.6262,16587.7069,1099401.759,33694.98,980106.3197,166351.0764,697554.4718,6430.234907,27817.32,521994.1132,23672.06827,572736.397
2020   ,593868.8796,16588.48,199646.2,344182.9842,46420.95615,1099258.598,480470.5149,98132.10979,87101.72272,196467.21,1026874.569,472272.2458,490237.64,215126.3,1653093.957,18230.12738,20619.89471,11780.58,15200.44874,326252.8115,352357.164,583644.948,16147.16712,1094471.124,32615.26,910010.7368,156791.5839,706648.3267,,24422.19,496284.2655,22815.59909,537753.2868
2021   ,661432.0057,,,382274.4911,,,527733.1209,106003.7939,97334.73236,213680.9912,1127480.45,506107.3387,539180.46,,,,22527.3451,,,365115.6983,376780.8214,648141.6301,17442.45461,1181922.771,35394.60194,948838.571,167486.5697,,,,548057.8587,23666.38204,599614.0106
